pairkey,precision,recall,bf,iou,dice
IMG_210204_100257_0284_,0.9579263014418843,0.9801670145827744,0.96891854571918,0.6023774372396686,0.7518546170711846
IMG_210204_095239_0034_,0.9408148583826821,0.9626283916838091,0.9515961331313123,0.5788815669372313,0.7332805437207879
IMG_210204_095254_0042_,0.9451178034461345,0.9431348348983913,0.9441247779553467,0.5543013307853065,0.713248222602045
IMG_210204_095400_0066_,0.9084020081247418,0.9787961521528209,0.942285699225959,0.5460920026487317,0.706415920544416
IMG_210204_095356_0064_,0.9184908830133298,0.9641319570267096,0.9407576741745698,0.5352689523623757,0.6972966548157408
IMG_210204_095918_0201_,0.945600410251828,0.9291267726971014,0.9372907127862493,0.5382861224678329,0.6998517565825456
IMG_210204_095437_0085_,0.9228297971714466,0.9522099447185011,0.9372891911281832,0.6126506529288149,0.7598057915595664
IMG_210204_100024_0224_,0.9072625097225872,0.9683177408893899,0.9367958690369346,0.5479407756323669,0.7079609042645981
IMG_210204_100028_0226_,0.9166195299810609,0.9552786709283151,0.9355493991576701,0.527246327286316,0.6904535540421334
IMG_210204_095314_0053_,0.9193472090551281,0.9519669370594837,0.9353722685519189,0.5532616892780623,0.7123869636354861
IMG_210204_095225_0026_,0.8968691504680409,0.9713135239941318,0.9326075877989107,0.5419190309097456,0.7029150299675707
IMG_210204_095354_0063_,0.9017618164974922,0.9650299023932946,0.9323232396938506,0.5236989184746631,0.6874047255988408
IMG_210204_095402_0067_,0.8846731377464291,0.9828998718687133,0.9312028431107241,0.5320497932897011,0.6945594009020487
IMG_210204_095441_0087_,0.8837261128507514,0.9776271186139406,0.9283075717085144,0.5915393252797067,0.7433549594204918
IMG_210204_095415_0074_,0.8971620946083174,0.9611710670641277,0.9280637095193864,0.511810164152292,0.6770825812502408
IMG_210204_095916_0200_,0.9162140140916548,0.9382887737392382,0.9271195124063614,0.5255184043283662,0.6889702580281016
IMG_210204_095256_0043_,0.918235830344276,0.9361579385636768,0.9271097788488989,0.5564165993397512,0.7149969996153847
IMG_210204_095914_0199_,0.8757660035618986,0.983015423662451,0.9262961349447535,0.5048164704294987,0.6709342705232566
IMG_210204_095252_0041_,0.936185298952082,0.91571716368058,0.9258376194374061,0.5171482321036818,0.6817372504024904
IMG_210204_100022_0223_,0.8978455957944452,0.9545877659257118,0.9253471422758407,0.5333657313723977,0.6956797330993214
IMG_210204_095227_0027_,0.923577604322283,0.925946367088957,0.9247599688198975,0.5350811672010984,0.6971372962339285
IMG_210204_100053_0239_,0.8784400257629186,0.9758455436549563,0.9245839328685865,0.531388923500532,0.6939960389498631
IMG_210204_095520_0096_,0.8839099879800213,0.9653936670687475,0.9228561690201574,0.5737951496801393,0.7291865778043076
IMG_210204_095307_0049_,0.8856618129113036,0.9630274156002901,0.922725282613232,0.5198755002107631,0.684102744124333
IMG_210204_100449_0314_,0.9022947505825368,0.9415906693671571,0.9215234831987776,0.53307208168785,0.6954298992920925
IMG_210204_095544_0109_,0.86464623445677,0.9856612203292292,0.9211958799661877,0.5707384131859635,0.7267135105307856
IMG_210204_095412_0072_,0.9232972040607434,0.9188269902274062,0.9210561732969939,0.5267208208511064,0.6900028003253057
IMG_210204_095931_0208_,0.8699566429850057,0.9776246779946738,0.9206529780135276,0.5334477246959983,0.6957494749966163
IMG_210204_095316_0054_,0.8989782147429294,0.9415039372078369,0.9197492818637675,0.52046757828583,0.6846151614394875
IMG_210204_100225_0277_,0.8938449330964111,0.946894419232479,0.919604742447669,0.5052974186194097,0.6713589120253001
IMG_210204_100555_0338_,0.9604875997982174,0.8817003761895335,0.9194086916228527,0.5010493055601158,0.6675987307067831
IMG_210204_095300_0045_,0.897492832624164,0.9412787783821809,0.9188639770274686,0.5042982495099484,0.6704764160620841
IMG_210204_095313_0052_,0.8845890606033027,0.9558424750106052,0.9188359591484039,0.5332664816461075,0.6955953032686075
IMG_210204_100020_0222_,0.9146583406213725,0.919924111055578,0.9172831687177456,0.5241391373750778,0.6877838440364011
IMG_210204_100534_0325_,0.9046819372303123,0.9264635068815277,0.9154426756788412,0.5296886504541473,0.6925443949615351
IMG_210204_095250_0040_,0.9273703272239241,0.9008041210924487,0.9138937002042028,0.5019037163228632,0.668356714039809
IMG_210204_095530_0101_,0.905828367888986,0.9207421072463106,0.9132238531118123,0.5305538679493076,0.6932834956801137
IMG_210204_095837_0178_,0.8803298732828552,0.9479508081646091,0.9128893247666773,0.4929970838195055,0.6604126547364455
IMG_210204_095920_0202_,0.9432693435139669,0.8827984924116214,0.9120321622159951,0.512869133584873,0.6780085893742649
IMG_210204_095739_0159_,0.8456186886117172,0.987474187561475,0.9110571350190484,0.5216159933252474,0.6856079268532654
IMG_210204_095311_0051_,0.8973723351234081,0.9238818349733975,0.9104336539334127,0.4997943730677167,0.6664838621116105
IMG_210204_100634_0347_,0.936060833210665,0.8858108107808847,0.9102423359186413,0.49686495599091457,0.6638741243855139
IMG_210204_100502_0320_,0.9000225746119977,0.9203843711859991,0.9100890965671361,0.4917375955538575,0.6592816283768507
IMG_210204_095533_0103_,0.8846192434739768,0.9357223715531441,0.9094529893348514,0.5599405289644754,0.7178998411384014
IMG_210204_100223_0276_,0.8674506984165096,0.9556435643294019,0.9094134511283825,0.4979325035398477,0.6648263554775075
IMG_210204_100039_0232_,0.8364988860620681,0.9954838564496488,0.9090922781565864,0.5182196727453354,0.6826675770947689
IMG_210204_100324_0298_,0.8551098024572418,0.9694558806896223,0.9086992920398367,0.4820458850666797,0.6505141169026514
IMG_210204_095115_0001_,0.8507968724577163,0.9749960352863827,0.9086716457557515,0.48627205554798175,0.6543513399620442
IMG_210204_095127_0007_,0.85764187584115,0.9655455772446573,0.9084001367786857,0.48776090874464584,0.6556979765736854
IMG_210204_100446_0313_,0.8998000705368752,0.916891365542666,0.9082648212818567,0.5082761587639364,0.6739828854425165
IMG_210204_095413_0073_,0.935499177497928,0.881723315417957,0.9078150701548579,0.490403420191695,0.6580814476775954
IMG_210204_100547_0333_,0.9290243335348729,0.886527069379842,0.9072778273642818,0.499358772703091,0.6660964430852415
IMG_210204_095318_0055_,0.8794373211592816,0.9368156676561459,0.9072196578859529,0.474955220725425,0.6440266308448721
IMG_210204_095241_0035_,0.926162140807214,0.8869439284423088,0.9061283820178403,0.5236594532641488,0.687370727287267
IMG_210204_100500_0319_,0.8896716158857247,0.9230855728965736,0.906070140321756,0.4843218738092532,0.6525833545339134
IMG_210204_100535_0326_,0.8845720051975373,0.9271714783185923,0.9053704219333869,0.5131310253000634,0.678237398771605
IMG_210204_095742_0161_,0.8507999826377575,0.9671727129099179,0.9052612030270067,0.507145125427173,0.6729877791741282
IMG_210204_095924_0204_,0.8918659674865115,0.9188957701634307,0.9051786278081714,0.4768276365289666,0.6457458199382959
IMG_210204_095439_0086_,0.9206890551271728,0.8882621541469157,0.9041844656967802,0.5641425158262142,0.7213441359954618
IMG_210204_095144_0016_,0.855859137805565,0.9563353143652111,0.9033113030111407,0.49400862756642416,0.6613196449489184
IMG_210204_095935_0210_,0.8446689113166179,0.9706709314372876,0.9032965486084965,0.47791684101499,0.6467438867355632
IMG_210204_095549_0112_,0.8556116014897853,0.9548444335376497,0.9025079956568814,0.5170072676618821,0.6816147538419246
IMG_210204_100013_0218_,0.8276817227175159,0.9920745421175946,0.9024521917855719,0.5038532706947304,0.6700830200834247
IMG_210204_095905_0194_,0.8962691469556284,0.9071851047874852,0.9016935898052969,0.49640947286742015,0.6634674290268963
IMG_210204_100628_0344_,0.889365789210032,0.9132123154401574,0.9011308181067247,0.49737391343094484,0.6643282736124446
IMG_210204_100017_0220_,0.8476384387930476,0.9598623108086035,0.900266006126303,0.4787499411568986,0.6475062859949791
IMG_210204_100007_0215_,0.8272194785614513,0.9870631766208836,0.900099478865092,0.49752414967737796,0.6644622723240398
IMG_210204_095119_0003_,0.8371990943760754,0.9729635396828394,0.8999895688512132,0.4804751823006258,0.6490823865807437
IMG_210204_095325_0059_,0.8701556493518761,0.9316847715764225,0.89986916493979,0.5016354227567459,0.6681187925572893
IMG_210204_095833_0176_,0.823826393143467,0.9906637416205637,0.899574455273838,0.5060118511034957,0.6719892021204575
IMG_210204_095535_0104_,0.8850483337291705,0.9144762780616876,0.89952118583952,0.464306798581616,0.6341660081498788
IMG_210204_100557_0339_,0.929917366769356,0.8705334023540091,0.899245559458628,0.48680388004119346,0.654832673731933
IMG_210204_095542_0108_,0.8594616928090113,0.9381785380323385,0.8970961509121275,0.5322027528413538,0.6946897228247687
IMG_210204_095410_0071_,0.9787981632669676,0.8262774706476245,0.896093667629889,0.4931149698655112,0.6605184193015322
IMG_210204_100019_0221_,0.9289393657007093,0.8652273186836259,0.8959516143338586,0.4896595961051589,0.6574113943687745
IMG_210204_095125_0006_,0.8927455635812064,0.8980201131081703,0.8953745704785352,0.46878502961433016,0.6383303480937882
IMG_210204_100134_0248_,0.8873621932402004,0.9032183756448855,0.8952195786156151,0.47156574952804703,0.6409034046617151
IMG_210204_100230_0280_,0.8183099287772372,0.9879413783545371,0.8951598132391005,0.49282804644451317,0.6602609692633895
IMG_210204_095230_0029_,0.8547318521658938,0.937776106747571,0.8943298215068701,0.46928346936330106,0.6387922809295068
IMG_210204_095910_0197_,0.9090878020127452,0.877449363301529,0.8929879344849575,0.45965083627250275,0.6298093007589527
IMG_210204_100559_0340_,0.9274415405458238,0.8605890423797635,0.8927650214495788,0.4929794236617579,0.6603968090231964
IMG_210204_100139_0251_,0.9667473768778552,0.8281822581474043,0.8921158400413781,0.4711155378368746,0.6404874745998563
IMG_210204_095740_0160_,0.8507338267398203,0.9376357257938183,0.8920728737816094,0.49474989664128255,0.6619835167782789
IMG_210204_100057_0241_,0.8090186636590754,0.9920971429619709,0.8912526959590491,0.48860950629450156,0.6564643101208796
IMG_210204_095419_0076_,0.8355808246267808,0.953979305918223,0.890862906564439,0.4479214064023181,0.6187095576068292
IMG_210204_100157_0261_,0.8729600656039096,0.9078859162377998,0.8900800092102028,0.5146603769390721,0.6795719816466482
IMG_210204_095731_0155_,0.8094619183617712,0.9865958276226702,0.8892935746791927,0.4876968861056889,0.6556401248944229
IMG_210204_095433_0083_,0.8941120780361173,0.8841639060606307,0.8891096656395696,0.46021804684501616,0.6303415408943546
IMG_210204_100103_0244_,0.8083361803710662,0.9852585991231432,0.8880709709492494,0.48265293611861687,0.6510666446081933
IMG_210204_100216_0272_,0.8205313246849368,0.967505185317037,0.8879772453396206,0.46499677574429715,0.6348092820996877
IMG_210204_095557_0116_,0.8480067266582252,0.9310092041777033,0.887571168142217,0.5019756567221576,0.6684204959987783
IMG_210204_100428_0304_,0.8652118099843582,0.9104953238340666,0.887275664410873,0.45861303059085357,0.6288344077182404
IMG_210204_095123_0005_,0.8944333333035189,0.8797416477859827,0.8870261607215972,0.4605282322556555,0.6306324274805846
IMG_210204_100026_0225_,0.8094614724685266,0.9777535441391015,0.8856834497851486,0.4701358470666693,0.6395815026274223
IMG_210204_100434_0307_,0.850273563064745,0.9221851772268624,0.8847700837675162,0.44958822882508864,0.620297847188627
IMG_210204_100545_0332_,0.8728796179394462,0.8964645704559511,0.8845144032810098,0.46185454939750287,0.6318748326745015
IMG_210204_095840_0180_,0.8067400436317679,0.9778688057979783,0.8840990352123029,0.501262600745414,0.6677880345470869
IMG_210204_100604_0343_,0.8191079110849266,0.9568274137861466,0.8826272577447961,0.4521204223511082,0.6227037584377283
IMG_210204_100153_0259_,0.8569169439311792,0.9089638301272422,0.8821728825780916,0.48809351300564907,0.6559984419524799
IMG_210204_095603_0119_,0.8738680664004093,0.8906269552968769,0.8821674242832469,0.4895645452088364,0.6573257221830554
IMG_210204_095933_0209_,0.8319947107881875,0.9379951963962677,0.8818203969056817,0.4646776540836117,0.634511836495985
IMG_210204_095539_0106_,0.8181218385523938,0.9559910054302605,0.8816989074910833,0.5048480641219776,0.6709621737348448
IMG_210204_095234_0031_,0.8595783632009045,0.9037593984690598,0.881114895617395,0.48652086586729476,0.6545765714273233
IMG_210204_095750_0165_,0.8020112687920022,0.9769482493707987,0.8808779025980561,0.4919235189532562,0.6594487086018902
IMG_210204_095423_0078_,0.9385352554447298,0.8297483840035881,0.8807949740247912,0.4625602183046264,0.6325349377283322
IMG_210204_100436_0308_,0.826664574485416,0.9419512485564708,0.8805499505932265,0.46619127515800773,0.6359214968153013
IMG_210204_100030_0227_,0.9288220906409265,0.8364350240739159,0.8802104590479423,0.43759688100808875,0.6087894134845812
IMG_210204_100141_0252_,0.9300014613133859,0.8350610155873552,0.8799773775226707,0.4580873671670089,0.6283400809610604
IMG_210204_095551_0113_,0.7967733674571889,0.9819478633787178,0.8797212877965439,0.4977714660149056,0.6646828001595163
IMG_210204_095421_0077_,0.8654290810310686,0.8924921651147127,0.8787518059756119,0.4645457655166753,0.6343888684868633
IMG_210204_095859_0191_,0.8229832244281,0.941134615885139,0.8781018411033183,0.46661722478052337,0.6363176661181678
IMG_210204_100630_0345_,0.8071396864517174,0.9625006964684208,0.8779999358685208,0.4259382098047008,0.5974146802097942
IMG_210204_095540_0107_,0.8463873517518928,0.911837847013734,0.8778938922681578,0.5080341391191524,0.6737700771361804
IMG_210204_095302_0046_,0.8228102541282922,0.9403360815362724,0.8776557177772479,0.44108583339886964,0.6121576150097148
IMG_210204_095140_0014_,0.8108298471610427,0.9557221565081959,0.8773334833207831,0.42090761749647204,0.5924489563059396
IMG_210204_100328_0300_,0.9720001937231991,0.7979717637383984,0.8764300106050571,0.4901864572960566,0.6578860717678242
IMG_210204_095735_0157_,0.8009085566875896,0.9676159790031506,0.8764045545642387,0.48170684740657577,0.6502053334635052
IMG_210204_095843_0182_,0.7858032378434266,0.990488016283052,0.8763520624854508,0.4743465633994948,0.6434668417522726
IMG_210204_095323_0058_,0.829552881918479,0.928420482228978,0.8762060498404304,0.47739871643630116,0.6462692990391324
IMG_210204_100424_0302_,0.8001434377081811,0.963234765067913,0.8741466101314062,0.4354236021394894,0.6066830745857786
IMG_210204_095804_0172_,0.7909208587958997,0.97311695084787,0.872609480319619,0.486969025213449,0.6549820701793656
IMG_210204_095623_0130_,0.8948564553024679,0.8513242821897133,0.8725472419237416,0.4451235278802773,0.6160352652111191
IMG_210204_100005_0214_,0.8001250120011509,0.9540490181753175,0.8703333122241731,0.44510560518998565,0.6160181008106579
IMG_210204_095305_0048_,0.929435040634226,0.8155864197268652,0.8687963787041509,0.448043347370306,0.6188258772556323
IMG_210204_100202_0264_,0.8009713429468668,0.9487135456641563,0.8686043222829426,0.47602633616429074,0.6450106268446774
IMG_210204_100442_0311_,0.9483515498589701,0.8009912602322654,0.8684642763564484,0.4621458169878445,0.632147370827771
IMG_210204_095243_0036_,0.8433971972262054,0.8949735024604152,0.8684197329062675,0.4595835382741999,0.6297461244563061
IMG_210204_100009_0216_,0.7884313813166264,0.9660719187217658,0.8682582508487877,0.4437413486168926,0.6147103136472442
IMG_210204_100049_0237_,0.7701716144078234,0.9925091962770592,0.8673175219460723,0.4586067602232344,0.6288285132492412
IMG_210204_100146_0255_,0.780171947056323,0.9740442329266737,0.8663944172850381,0.4729775662725097,0.6422060689891133
IMG_210204_095621_0129_,0.8454399017962865,0.8872491144980346,0.8658395872036272,0.42965648195274647,0.6010625452708543
IMG_210204_100235_0283_,0.816676800596521,0.9209886547524938,0.86570131527099,0.4367109362101018,0.6079315263821979
IMG_210204_095852_0187_,0.775941285264118,0.9779649544764993,0.8653175795454083,0.46307103359484353,0.6330123732366615
IMG_210204_095223_0025_,0.8791791150633383,0.8495961505121293,0.8641340197018869,0.4386976556684537,0.6098538548943755
IMG_210204_100045_0235_,0.767801248090088,0.9875674169856034,0.8639268530391914,0.45876297870760113,0.6289753515873355
IMG_210204_095856_0189_,0.7826222944913753,0.9636447662080248,0.8637504114944136,0.4518522370646445,0.6224493450906541
IMG_210204_100200_0263_,0.9206921412772476,0.8133212657276306,0.8636819794162033,0.461733734475796,0.6317617546692005
IMG_210204_100311_0291_,0.7843993549945266,0.9602993995295067,0.8634817854927372,0.45901084646767654,0.6292082715888784
IMG_210204_095117_0002_,0.7939154093298562,0.9419532808738715,0.8616213864150283,0.41398519828626046,0.5855580366583858
IMG_210204_100430_0305_,0.8614258818208438,0.8609365569332574,0.8611806498685369,0.43144091562617953,0.602806460142921
IMG_210204_100043_0234_,0.7579098224945892,0.9950500781278571,0.860439303374448,0.46399983949958873,0.6338796316510377
IMG_210204_100209_0268_,0.8077424157611406,0.9145643927715527,0.8578402168608548,0.4374919254029221,0.608687837019043
IMG_210204_100601_0341_,0.9128031584541153,0.8082032160066517,0.8573239826758953,0.41186678393011467,0.5834357584128864
IMG_210204_095303_0047_,0.8239234997473682,0.8887584928694021,0.8551133058854478,0.4131081368087294,0.5846801473263974
IMG_210204_100330_0301_,0.8774872302783606,0.8337860842176904,0.8550781549015174,0.44519863731858306,0.6161071922190616
IMG_210204_100319_0295_,0.9193580423104374,0.7991367403038973,0.855041713266765,0.4194099497559882,0.5909638013008001
IMG_210204_100602_0342_,0.8331687759676519,0.8766291002683174,0.8543460925136066,0.41980118215072987,0.5913520673575022
IMG_210204_095746_0163_,0.7705910090964426,0.9580809067501114,0.8541679874322013,0.44461829322979296,0.6155512432778923
IMG_210204_100537_0327_,0.8059705183813324,0.9073115045966335,0.8536433430852949,0.44589371979778797,0.6167724690859677
IMG_210204_100504_0321_,0.8655716244587467,0.840272314649311,0.8527338630895841,0.45503078215191095,0.625458633224165
IMG_210204_100549_0334_,0.7843763612413636,0.9333102971396766,0.8523860915080508,0.4368830656992044,0.6080982873670543
IMG_210204_095153_0021_,0.8362433028415933,0.8689415771263773,0.8522784324793892,0.42756814126351944,0.5990160874353573
IMG_210204_095132_0010_,0.7910003997403807,0.9237030985317236,0.8522162517405093,0.40433862010298555,0.5758420573427424
IMG_210204_095350_0061_,0.921731433831167,0.7920967800068058,0.8520108011623008,0.4296524371039126,0.6010585873224847
IMG_210204_095838_0179_,0.7588125269589273,0.9709428983163775,0.851869804833375,0.4449814429535262,0.615899180053121
IMG_210204_095249_0039_,0.8766360443770923,0.8280009380271366,0.8516241859504752,0.42522433868875553,0.5967121486010732
IMG_210204_095358_0065_,0.841266830999391,0.8612756042823908,0.8511531432521868,0.4040273713705498,0.575526346008705
IMG_210204_100506_0322_,0.7974063481949937,0.911214650847369,0.850519714203869,0.4146530017136844,0.5862257404626879
IMG_210204_095830_0174_,0.8618071933644675,0.8392004880023253,0.8503531171331203,0.4718780276255194,0.6411917547091427
IMG_210204_095758_0169_,0.8478666322100409,0.8518262273097573,0.8498413176374672,0.43110066916089235,0.6024742751516744
IMG_210204_100218_0273_,0.7913542315538028,0.9176113007071025,0.8498183809082267,0.4022713894878593,0.5737425615376461
IMG_210204_100313_0292_,0.7543680626261612,0.9689706826190624,0.848306944240851,0.41391118638313,0.5854839969714644
IMG_210204_095443_0088_,0.8297060082478341,0.867659129883305,0.8482577530006625,0.4659406091639497,0.6356882485569226
IMG_210204_095756_0168_,0.7399983720495706,0.9931721971598205,0.8480935437896868,0.474306528430479,0.6434300049331226
IMG_210204_095129_0008_,0.8206822742255335,0.8769477084690812,0.8478820746083676,0.40680351433670153,0.5783373586872318
IMG_210204_095131_0009_,0.7583849209875564,0.9586993085180644,0.8468573217540653,0.3938268258789626,0.5651015155783231
IMG_210204_095835_0177_,0.8186656473045762,0.8767477011942074,0.8467112773423244,0.4507390752318192,0.6213923412241362
IMG_210204_095909_0196_,0.748001598707434,0.9734029977546598,0.8459447326109906,0.41628283726031123,0.5878526891783536
IMG_210204_095546_0110_,0.7501712449925556,0.9672016322755671,0.8449725039455879,0.45320332618189463,0.6237300975254829
IMG_210204_100542_0330_,0.7647385984263554,0.9437697993415055,0.8448735424323486,0.4167119417505757,0.5882804110984778
IMG_210204_095148_0018_,0.7405431216887318,0.9819137807360592,0.8443161314907275,0.4314759740300493,0.602840678932683
IMG_210204_095857_0190_,0.7447833795348279,0.9736716985328161,0.8439837449975742,0.42967960182693676,0.6010851680024875
IMG_210204_095528_0100_,0.8542404235366874,0.8325458501450872,0.8432531247278346,0.432011648735842,0.6033633163769517
IMG_210204_100638_0349_,0.8562359140127532,0.8305314366392471,0.8431873214745244,0.4165249618396223,0.5880940654920571
IMG_210204_100036_0230_,0.8667980057547926,0.8195780269599096,0.8425264167476156,0.44535190966863236,0.6162539471383626
IMG_210204_095555_0115_,0.7545898943309547,0.9529729729458614,0.8422569588595051,0.4763198540953846,0.6452800221768334
IMG_210204_095238_0033_,0.8430785966534172,0.8407919717642801,0.8419332316402082,0.4212165808088983,0.5927549488187916
IMG_210204_100650_0355_,0.951250771303401,0.7549728751975975,0.8418217745449038,0.4378555421353256,0.6090396834790185
IMG_210204_100227_0278_,0.7375341106258873,0.9802763705830078,0.8417539049590183,0.44262392166052816,0.6136372966158044
IMG_210204_100632_0346_,0.9024821361074659,0.7884413194641726,0.8416156071796426,0.4096593673866263,0.581217529375335
IMG_210204_095927_0206_,0.7345335820758483,0.9846442415659711,0.8413950333516851,0.41814908053520033,0.5897110342974571
IMG_210204_100214_0271_,0.7608579088320752,0.9393894814039625,0.8407499992405724,0.39649854246497696,0.5678466971617636
IMG_210204_095142_0015_,0.8248634896740858,0.8572303723728122,0.8407350291167344,0.41547478457736353,0.5870465360517421
IMG_210204_100155_0260_,0.7568474488554551,0.9441502683025349,0.8401860797342349,0.44703167609614636,0.6178602493376847
IMG_210204_100636_0348_,0.9603732428114246,0.7463037950608562,0.8399126020026793,0.44005716003710244,0.611166240131419
IMG_210204_100105_0245_,0.7448369230585886,0.9624057758671033,0.839757507708766,0.43753792078085363,0.6087323533603737
IMG_210204_095427_0080_,0.8021525551611249,0.8787039680023208,0.838684568382351,0.42251063146067336,0.5940351124502005
IMG_210204_095149_0019_,0.8481700043678772,0.8286362660361055,0.8382888573877639,0.41693947972887674,0.588507110845208
IMG_210204_100323_0297_,0.8593830145504733,0.8179947689339845,0.8381777775353854,0.4161612110778445,0.5877314077273772
IMG_210204_095352_0062_,0.8765986864509506,0.8023623707796399,0.8378388269753544,0.40955672353638234,0.5811142137066486
IMG_210204_095847_0184_,0.7236102027333717,0.9923378520105492,0.8369313672666261,0.42875621212422976,0.6001810644613311
IMG_210204_095134_0011_,0.7676533523342253,0.9199279565016201,0.8369201028204595,0.41018432357777457,0.5817456863186469
IMG_210204_095929_0207_,0.8066344072072255,0.8685726038369473,0.8364579715396048,0.4169298658150902,0.5884975338214794
IMG_210204_095136_0012_,0.7655046487551052,0.920479495244909,0.8358689697846172,0.3902225366757598,0.5613813995690836
IMG_210204_095559_0117_,0.736136964248279,0.9655764882904122,0.8353887384328446,0.44922158585848954,0.6199487921543478
IMG_210204_095729_0154_,0.7528435771482614,0.9359452534318443,0.8344678062947904,0.44785095465455776,0.6186423446623488
IMG_210204_095229_0028_,0.9389178174806919,0.7499728742178751,0.8338757277231577,0.47890155974840143,0.6476449451170702
IMG_210204_100047_0236_,0.7170365926671258,0.9929665217236738,0.8327387348104984,0.425767368200008,0.5972466163782771
IMG_210204_095845_0183_,0.7307641044054387,0.967285833077922,0.8325518980730611,0.41403283861062024,0.5856056907666085
IMG_210204_095744_0162_,0.7145058557486232,0.9946797860188588,0.8316289331284705,0.4414194409912922,0.6124788225247184
IMG_210204_100309_0290_,0.713457490443586,0.9930724536675505,0.830357027005264,0.43975130760156994,0.6108712043250524
IMG_210204_100143_0253_,0.8492442200274222,0.8113052173162959,0.8298408178267702,0.4030872989191713,0.5745719446390517
IMG_210204_100211_0269_,0.7238015607436733,0.9714377320925686,0.8295321313741529,0.3900148294543109,0.5611664295803551
IMG_210204_100032_0228_,0.755717354959281,0.9186060007858335,0.8292377695893397,0.39414818862441153,0.5654322716056643
IMG_210204_100550_0335_,0.7617643691103227,0.9096595569828527,0.8291682476579143,0.3955610916001458,0.566884665932606
IMG_210204_100234_0282_,0.7794294294060231,0.8839355651369433,0.8283990359628357,0.4226729683509984,0.5941955428321845
IMG_210204_100151_0258_,0.8757411609371297,0.785625164145468,0.8282386235999554,0.4209690950633524,0.5925098533470694
IMG_210204_095454_0094_,0.794011532862746,0.8631624819528959,0.8271437347023682,0.4100478901145286,0.5816084588179813
IMG_210204_100055_0240_,0.7074236663523022,0.9953399878399785,0.8270397928817961,0.4288432957474745,0.6002663791387041
IMG_210204_095922_0203_,0.8589143220747419,0.7961316757831748,0.8263316987041087,0.43017409100158743,0.6015688491466455
IMG_210204_095733_0156_,0.7717619334778354,0.889179524505358,0.8263199074029586,0.4481901506813691,0.6189658871391951
IMG_210204_095604_0120_,0.8983185488813135,0.7628166691364556,0.8250405425496632,0.4253090706924487,0.5967955714837674
IMG_210204_100457_0318_,0.8898258415058228,0.7688167246329195,0.8249065717631262,0.418033691731216,0.5895962757004126
IMG_210204_095606_0121_,0.820099718454021,0.8285870943138142,0.8243210600563632,0.3884520541481307,0.5595469472461707
IMG_210204_095232_0030_,0.788966377479476,0.8629724952444116,0.8243112169872651,0.4351169226127481,0.606385327573982
IMG_210204_100037_0231_,0.7015253384854352,0.9969034511698893,0.823528926869777,0.43503792512085293,0.606308610393298
IMG_210204_100539_0328_,0.7250717441642356,0.9528013886940979,0.8234817513583603,0.4189353450689974,0.5904925076746554
IMG_210204_100001_0212_,0.8721935138599344,0.7788297067990441,0.8228712942811142,0.3996992481093725,0.5711216158031972
IMG_210204_100453_0316_,0.7525262154227829,0.9064335159310247,0.822340119792101,0.40337933811606397,0.574868572110477
IMG_210204_100455_0317_,0.7691615021778389,0.8827087322305489,0.8220320813457435,0.39769871973043314,0.5690764599213989
IMG_210204_100219_0274_,0.731847253560349,0.9367701234996323,0.8217249090933999,0.37816505650725885,0.5487950151132962
IMG_210204_100051_0238_,0.7028007211290344,0.9866388062925148,0.8208758500834155,0.4120691301363111,0.5836387487580483
IMG_210204_100451_0315_,0.8196929282148301,0.8214565132083239,0.8205732731351237,0.4128637910580245,0.5844353768155542
IMG_210204_100642_0351_,0.8121272014678246,0.8285621691394418,0.8202618699057356,0.40663612726490933,0.5781681834883348
IMG_210204_100640_0350_,0.8886310904490576,0.7612072138107763,0.8199979170332913,0.3854582432849763,0.5564342991255219
IMG_210204_095657_0137_,0.874153109624157,0.7716577731342743,0.8197134180613845,0.3968038864639017,0.5681597686106618
IMG_210204_095907_0195_,0.8785502773124848,0.7677029045968256,0.8193942431719775,0.3847779037311971,0.5557250772047088
IMG_210204_095849_0185_,0.6990879499710095,0.9857535615871997,0.8180330586617065,0.40393951393490946,0.575437203562656
IMG_210204_095309_0050_,0.8301420818089474,0.802872139631904,0.8162789184933187,0.356327916854318,0.5254303364642622
IMG_210204_095408_0070_,0.970801459878466,0.7019123016049629,0.8147443937189202,0.39340108221213144,0.5646630926790683
IMG_210204_100301_0286_,0.8154246968564273,0.8136852981097329,0.814553568907001,0.42751448793028574,0.5989634312575381
IMG_210204_095959_0211_,0.8791228147043408,0.758683590455321,0.8144743410121008,0.40251360600340813,0.5739888786539586
IMG_210204_100532_0324_,0.8502682233807878,0.7805337291964901,0.8139095237273701,0.3822810852415512,0.5531162790594769
IMG_210204_100438_0309_,0.7731985116376516,0.8574668472341491,0.8131548019654665,0.4043460899816248,0.5758496326029084
IMG_210204_095601_0118_,0.7949688936707138,0.8312239270016537,0.8126917680303533,0.3412793373138224,0.5088862965671295
IMG_210204_100015_0219_,0.7623299439269264,0.8691951955530479,0.812262223268709,0.4039578718518001,0.5754558309060736
IMG_210204_095630_0134_,0.7934905267923772,0.8301488178199227,0.8114053398017659,0.35183879092489995,0.5205336513300957
IMG_210204_095737_0158_,0.69143206385478,0.9799951273387294,0.8108036672273604,0.41716493728590187,0.5887316660329456
IMG_210204_100204_0265_,0.7100860214901057,0.9425920639182817,0.8099835648255772,0.4104257513450988,0.5819884541298014
IMG_210204_095802_0171_,0.6864956003883855,0.9859996972658797,0.8094301375813635,0.3923529124331555,0.5635825643478758
IMG_210204_095531_0102_,0.7334796456191023,0.9021331226248557,0.8091106787326076,0.40324664835238155,0.5747338129413708
IMG_210204_095655_0136_,0.9009576426924141,0.7340355299263583,0.8089752633621535,0.40612778561066976,0.5776541645314146
IMG_210204_100041_0233_,0.6964904050064452,0.9643663583480971,0.8088253314887573,0.411110261500017,0.5826763120027274
IMG_210204_095429_0081_,0.9807912296958631,0.6878489052084957,0.808605468812276,0.4328413577351588,0.6041720604984989
IMG_210204_095752_0166_,0.6929245385654502,0.9648047573966199,0.8065689490663691,0.423040604335568,0.5945587259375357
IMG_210204_095754_0167_,0.6850204088486496,0.9772915549686347,0.8054616370332679,0.3942183185323606,0.5655044311099554
IMG_210204_095800_0170_,0.7035319139148917,0.9417287539844409,0.8053870646913996,0.42733139599903136,0.5987837123136068
IMG_210204_095842_0181_,0.6791810727028007,0.983280046098242,0.8034170390094599,0.4091063156639426,0.5806606799163766
IMG_210204_095431_0082_,0.901867302304248,0.7232626473351768,0.8027499971670966,0.39422230519901247,0.5655085329347688
IMG_210204_095553_0114_,0.6815765739703802,0.9761989830706005,0.8027069215917032,0.39616693773543876,0.5675065452817777
IMG_210204_095716_0147_,0.8661990707261348,0.746649722706922,0.80199321548725,0.36609686608702635,0.5359749739206332
IMG_210204_100221_0275_,0.814248992206162,0.7887662704926778,0.8013045853366197,0.3864404085286643,0.5574569323737001
IMG_210204_095704_0141_,0.7674840216086688,0.8370308310711451,0.8007496932710246,0.38971865994171445,0.5608597929570284
IMG_210204_100426_0303_,0.6849490645068754,0.9594525274911525,0.7992885858265666,0.3432161761852342,0.5110363949903823
IMG_210204_095138_0013_,0.7553722323724237,0.8481614955558263,0.7990817175978308,0.3652633719680281,0.535081185751729
IMG_210204_095625_0131_,0.7933400946317329,0.8037469602766124,0.7985091211046708,0.3792805217180692,0.5499686477782302
IMG_210204_100652_0356_,0.9617648400345957,0.6801213176949594,0.7967865114695715,0.4035569080241561,0.5750488715021317
IMG_210204_100148_0256_,0.8827277120751031,0.7252969421016897,0.7963053432804282,0.37032013715560763,0.5404870396552535
IMG_210204_095748_0164_,0.6665352234731258,0.98459298089458,0.7949297981219523,0.4335970135910835,0.6049078080944746
IMG_210204_100432_0306_,0.7093338242456058,0.9037327435697717,0.7948187861225294,0.37467094438189635,0.5451063702380973
IMG_210204_095710_0144_,0.7166965031455615,0.8907413450149592,0.7942961039045946,0.34902706543827144,0.5174500562372033
IMG_210204_095714_0146_,0.8595217275269162,0.7378830901551002,0.7940706629995031,0.38093507751015176,0.5517059906928917
IMG_210204_095121_0004_,0.8377061468979928,0.7534477474485612,0.7933455273860192,0.3573102996693352,0.5264975882911701
IMG_210204_095258_0044_,0.7196089448090884,0.8822119358328591,0.7926569213653705,0.3341377035461592,0.5009043709026676
IMG_210204_095832_0175_,0.7857166375560332,0.7976668003477181,0.79164612365274,0.38653934601312906,0.5575598660428768
IMG_210204_100034_0229_,0.869779662539422,0.726093816110898,0.7914678037623764,0.36355672359991864,0.5332476710467821
IMG_210204_095245_0037_,0.6946112744751147,0.9181997371627738,0.7909066711446936,0.39154524932636386,0.562748857093807
IMG_210204_100326_0299_,0.6771783023047089,0.948124617464281,0.790066905048774,0.3501140926476551,0.518643712489602
IMG_210204_095701_0139_,0.769915589528821,0.80837805086348,0.7886776621607433,0.38864438636618887,0.5597464551499687
IMG_210204_100003_0213_,0.9609604703821757,0.6677891709611491,0.7879892471614762,0.39835180447859186,0.5697447569385111
IMG_210204_100207_0267_,0.7974312676456433,0.7787277929077541,0.7879680580553406,0.3595343656417862,0.5289080949006585
IMG_210204_095903_0193_,0.6647630300497842,0.9649356836282377,0.7872046162469887,0.4097472924110682,0.5813060179179831
IMG_210204_095417_0075_,0.7665063267634883,0.8081271399700198,0.7867661717087724,0.35113693017251996,0.5197651286575151
IMG_210204_100444_0312_,0.7589561855425594,0.8163138015587403,0.786590261751487,0.3788697677488327,0.5495366953579411
IMG_210204_100646_0353_,0.9395598823172315,0.6761293147239243,0.7863685507736715,0.38341439818387624,0.5543015869824925
IMG_210204_095406_0069_,0.9559927905799542,0.663596872261908,0.7834002014072287,0.36571385661879974,0.5355643934436236
IMG_210204_095718_0148_,0.789867905333434,0.7757027997726036,0.7827207704627845,0.35763034679077793,0.5268449510371643
IMG_210204_095450_0092_,0.8335327997294661,0.7347685612312156,0.7810403290103844,0.4110916967756267,0.582657665288485
IMG_210204_095628_0133_,0.794370052497064,0.7660067772154091,0.7799301326164533,0.3604943233105472,0.5299460896438604
IMG_210204_095626_0132_,0.7161433731393125,0.8529635635287102,0.7785878705673969,0.329455694377845,0.4956249324758773
IMG_210204_095155_0022_,0.6797451374789525,0.9062368048258553,0.7768180162008926,0.34412600844649827,0.5120442671059228
IMG_210204_095850_0186_,0.6600003606538871,0.9393752726844954,0.7752870785250978,0.3800737451970792,0.550802080714612
IMG_210204_095404_0068_,0.7916326768134393,0.759135779446484,0.7750432364039945,0.3297354092957843,0.4959413835123924
IMG_210204_100107_0246_,0.8053599999677856,0.7467269962264315,0.7749355128465419,0.3510094684547114,0.5196254750992931
IMG_210204_095322_0057_,0.6685542586257454,0.9171136417439397,0.7733521552812553,0.34322459641732156,0.5110457288122595
IMG_210204_095702_0140_,0.8156877897675545,0.7348743298497921,0.7731746102925738,0.34423994545884773,0.5121703853865817
IMG_210204_100259_0285_,0.7213979456269041,0.8316560577208614,0.772612650826579,0.32474149557224763,0.4902714932047467
IMG_210204_095113_0000_,0.862899317819253,0.6979106997287253,0.7716842845468479,0.326938636453457,0.49277129698668554
IMG_210204_100158_0262_,0.8479156514044249,0.7032369474702121,0.7688285864642546,0.36508292244720647,0.534887538982198
IMG_210204_100307_0289_,0.8340202785906348,0.7113228108162083,0.7678000684915687,0.3535982814093902,0.5224567528871528
IMG_210204_095653_0135_,0.8798459954683091,0.6791126018572068,0.7665554697391745,0.36734783853873537,0.5373143953353006
IMG_210204_100544_0331_,0.6416209036172633,0.9476735673641278,0.7651782588304963,0.3599247189616656,0.5293303576928532
IMG_210204_100552_0336_,0.7433814505071772,0.785160951798242,0.7636997239974332,0.35062768316037707,0.5192070139417432
IMG_210204_100317_0294_,0.7648360914667497,0.7623450304418875,0.7635880293092581,0.34924500729828023,0.517689530677021
IMG_210204_095854_0188_,0.617061768987693,0.9865004578327917,0.7592238427972104,0.34510613999151707,0.5131284881261393
IMG_210204_095712_0145_,0.7981587110711446,0.7237311717160567,0.7591245150519341,0.3258240217804913,0.4915041761619795
IMG_210204_095247_0038_,0.7269453030311264,0.7923245935024953,0.7582277038766919,0.37577325603284106,0.5462720755546814
IMG_210204_100205_0266_,0.688848347937079,0.8428287981560789,0.7580982031825599,0.3514699429500936,0.5201298701218285
IMG_210204_095727_0153_,0.7264695225416965,0.7911190699975379,0.7574167559927886,0.3636609488416848,0.5333597756107692
IMG_210204_095445_0089_,0.6277788675194884,0.9542563235860891,0.7573302779192957,0.3255464825837536,0.4911883315463956
IMG_210204_095452_0093_,0.6857750033022771,0.8391626576245234,0.7547539964051434,0.34891453905463776,0.5173263819947678
IMG_210204_100321_0296_,0.7820735028551493,0.728021073403753,0.7540794105758276,0.3648217078086289,0.534607129592612
IMG_210204_095926_0205_,0.8038251563395703,0.7096619745057403,0.7538138370291962,0.35575384209861766,0.5248059508323931
IMG_210204_100530_0323_,0.7694307661702017,0.7382266232996362,0.7535052772431027,0.36607754138585397,0.5359542636422773
IMG_210204_095236_0032_,0.714010190255505,0.796941267163702,0.7531993253605662,0.37472283812998697,0.5451612903146591
IMG_210204_100228_0279_,0.6064228606287743,0.9819741691398404,0.7498014648130638,0.37891101177741243,0.5495800795571242
IMG_210204_095912_0198_,0.6321950815811662,0.9209400421536325,0.7497266417068961,0.32572413792541854,0.4913905217644048
IMG_210204_100644_0352_,0.8798042245811538,0.6508251076393603,0.7481867660807607,0.33965232228604353,0.5070753308686023
IMG_210204_100305_0288_,0.6052476021469929,0.979025939946978,0.7480434569243583,0.36283992504578183,0.532476218780563
IMG_210204_095901_0192_,0.6076292461707665,0.9687588551654591,0.7468285747300295,0.3670385375992811,0.5369834536542829
IMG_210204_100150_0257_,0.8439642634180775,0.6697223504362685,0.7468142369763187,0.31690236605210537,0.48128452681292644
IMG_210204_095720_0149_,0.8527137658864192,0.6632665094144085,0.7461523334671383,0.313437948228181,0.47727865431481814
IMG_210204_095706_0142_,0.6535755065016708,0.8622827914496117,0.7435609794801243,0.3380493033160275,0.5052867670544802
IMG_210204_100011_0217_,0.5924520408684568,0.9890751271827528,0.7410295807677028,0.326236015874216,0.49197278911049747
IMG_210204_095348_0060_,0.833003597084847,0.6545827149793448,0.7330927761285319,0.3198231568808741,0.4846454696805127
IMG_210204_095828_0173_,0.875025651504462,0.6268283718990507,0.7304179111236114,0.30685476482563784,0.4696080591121827
IMG_210204_100440_0310_,0.8948205481156327,0.6114915045244541,0.7265092236804312,0.3406920785185575,0.5082331490986605
IMG_210204_095708_0143_,0.7806155624311605,0.6638301793848663,0.7175012464465043,0.28993698841738497,0.44953666887730187
IMG_210204_100059_0242_,0.5612880179556888,0.9916602803725452,0.7168386422594502,0.3185113930100582,0.4831378700231352
IMG_210204_095526_0099_,0.8740973155598337,0.6057708901181869,0.7156074426915314,0.3452624491714721,0.5133012511931992
IMG_210204_095449_0091_,0.8656428040195371,0.6051464985590792,0.7123254905024586,0.32466588814520136,0.49018532303235934
IMG_210204_100540_0329_,0.8688168786155452,0.6016638120660749,0.7109720284009395,0.2873804924496325,0.4464577397825934
IMG_210204_100315_0293_,0.7098103052818906,0.7061273051521539,0.7079635152886823,0.25888314624366304,0.4112901932417402
IMG_210204_095619_0128_,0.8023513207338112,0.6312062226449748,0.7065622101500432,0.30825164277959033,0.4712421260555963
IMG_210204_100138_0250_,0.8260513060310384,0.6117014355461812,0.702897520099196,0.3004050404956007,0.46201765010248275
IMG_210204_095522_0097_,0.9421646575441033,0.5582402552785412,0.7010825996445004,0.3209845847748222,0.48597779031545313
IMG_210204_100303_0287_,0.7151517738669192,0.685701420414847,0.7001165276935443,0.28224934341927366,0.4402409638465815
IMG_210204_095425_0079_,0.8839281115977172,0.5779850494788206,0.6989428612433821,0.2932883335656736,0.453554440960679
IMG_210204_100212_0270_,0.5674229023984092,0.9065464195973227,0.6979722629290341,0.24859338456066032,0.3981975039025732
IMG_210204_100648_0354_,0.7332999074076944,0.6593036964886849,0.69433540322358,0.3061852591858751,0.4688236328385999
IMG_210204_095456_0095_,0.7970652512854061,0.6134807160633794,0.6933255998230046,0.2962952844025929,0.45714165278190105
IMG_210204_100232_0281_,0.5722842363061011,0.8763201778461533,0.6923958986192252,0.3094655389543015,0.47265930984549787
IMG_210204_095612_0124_,0.7171591953966026,0.667982717495978,0.6916975046536625,0.26871061388589035,0.4235963835170667
IMG_210204_095537_0105_,0.9196176406191822,0.5540757223549829,0.6915108333428444,0.32746444092435145,0.4933683055138239
IMG_210204_095659_0138_,0.6949607461351754,0.666988665614793,0.6806869570585485,0.27350589225013666,0.42953219755722305
IMG_210204_095151_0020_,0.6515404326127304,0.6754702993026451,0.6632891035401355,0.23089381897188418,0.37516447871147884
IMG_210204_095320_0056_,0.5495553968856244,0.8293391667484217,0.661062123855206,0.26541145311173986,0.41948640888159117
IMG_210204_095435_0084_,0.9116864262695568,0.5139466684677778,0.6573330466747324,0.3048526729441043,0.4672599125789018
IMG_210204_095219_0023_,0.7391196012982093,0.5884219922442416,0.6552169857573081,0.29285899032911994,0.45304088461274117
IMG_210204_095221_0024_,0.7378443734028048,0.5855121131965352,0.6529102266862336,0.24976875458933737,0.39970395110639345
IMG_210204_095723_0151_,0.6090529295788056,0.6481957815591902,0.6280145244048765,0.2768923490751866,0.43369724828523115
IMG_210204_095524_0098_,0.8564690885368725,0.4779315004987043,0.6135087967199233,0.24317617865376406,0.3912175648621254
IMG_210204_095614_0125_,0.6831724280762393,0.5021747424455485,0.578854292176561,0.21410894121158244,0.35270136631712645
IMG_210204_095608_0122_,0.6754600626137696,0.4965996185636861,0.5723819847143482,0.19196810025178088,0.3221027479027857
IMG_210204_095617_0127_,0.7427349351652576,0.419705694162945,0.5363367478894562,0.18649951301884227,0.3143693039440473
IMG_210204_095615_0126_,0.6493957781935897,0.45208694394670396,0.533068890396255,0.18222970090102314,0.3082813784193356
IMG_210204_095146_0017_,0.7347689426379477,0.41526192454398436,0.5306314962604652,0.1760004276998583,0.2993203464119446
IMG_210204_095725_0152_,0.8955446412124588,0.36984316706980175,0.523492959935401,0.19523239917420732,0.32668525269076454
IMG_210204_100554_0337_,0.5735892960745788,0.43031713702246444,0.4917292084432329,0.15287899601497407,0.26521256184458825
IMG_210204_095610_0123_,0.6569419421946334,0.37852861399127585,0.48030546346948594,0.15759871981555987,0.27228558069012043
IMG_210204_100136_0249_,0.6608642353257208,0.3612181312485772,0.4671167771636443,0.14151077432769332,0.24793594157889193
IMG_210204_095722_0150_,0.705225470914225,0.3043334314190578,0.42518267017422406,0.14484083424410427,0.25303226424437814
IMG_210204_100101_0243_,0.5790985417160776,0.2743257858467597,0.37229188637427363,0.10641839975139795,0.19236556401323257
IMG_210204_100109_0247_,0.8104258442275439,0.19494189536946974,0.3142845881471235,0.11101625148303149,0.19984631428179794
IMG_210204_095548_0111_,0.9111547695020399,0.13108884770795237,0.22920191065580153,0.08932132884810184,0.16399445504762916
